Riding	Poll	R	FPTP	MMP	Rejected	Unmarked	Declined	Voter turnout	Number of names	Location of voting place	AHMED (SN)	BOYDEN (COM)	FERNANDEZ (IND)	GONZÁLEZ (NDPo)	GREEN (LIB)	LEROUX (IND)	MCLEAN (GPO)	SMITHERMAN (LPO)	TAYLOR (PCO)	% LPO	% MMP	.4LPO*0.6MMP	Location of voting placed
94	081		22	51	0	0	2	75	198	Winchester Junior and Senior Public School	1	0	1	20	0	0	7	40	3	0.5556	0.6800	0.6302	Winchester Junior and Senior Public School
94	119		12	34	0	0	0	46	149	Regent Park South Community Centre	0	1	0	13	0	1	7	20	4	0.4348	0.7391	0.6174	Regent Park South Community Centre
94	520		31	48	0	0	0	79	182	Ryerson University International Learning Centre	0	0	0	23	1	0	5	46	4	0.5823	0.6076	0.5975	Ryerson University International Learning Centre
94	090		21	50	0	2	2	75	230	Parliament Street Public Library	0	0	0	19	1	0	11	37	7	0.4933	0.6667	0.5973	Parliament Street Public Library
94	094		58	79	1	11	0	149	393	Sprucecourt Junior Public School	1	1	1	32	4	2	2	104	2	0.6980	0.5302	0.5973	Sprucecourt Junior Public School
94	555		55	87	0	3	0	145	258	285 Mutual Street - Radio City	0	0	0	29	0	0	20	85	11	0.5862	0.6000	0.5945	285 Mutual Street - Radio City
94	107		27	52	0	3	0	82	175	Dixon Hall	0	2	2	19	5	0	3	43	8	0.5244	0.6341	0.5902	Dixon Hall
94	470		56	102	1	4	0	163	266	550 Ontario Street- Hugh Garner Co-operative	2	1	0	40	1	0	20	86	11	0.5342	0.6258	0.5891	550 Ontario Street- Hugh Garner Co-operative
94	537		44	85	0	0	0	129	185	80 Mill Street	0	0	0	34	3	0	12	62	18	0.4806	0.6589	0.5876	80 Mill Street
94	069		33	69	1	1	0	104	250	Our Lady of Lourdes Catholic School	1	0	0	40	2	0	11	48	2	0.4615	0.6635	0.5827	Our Lady of Lourdes Catholic School
94	083		54	89	0	3	0	146	277	Sprucecourt Junior Public School	0	1	1	27	2	0	27	78	9	0.5379	0.6096	0.5809	Sprucecourt Junior Public School
94	465		14	35	0	0	0	49	97	Church Street Community Centre (519 Church Street)	0	0	0	23	0	0	3	18	4	0.3750	0.7143	0.5786	Church Street Community Centre (519 Church Street)
94	029s		30	65	1	9	3	108	228	Belmont House	0	0	0	11	3	0	7	57	27	0.5429	0.6019	0.5783	Belmont House
94	539		20	33	1	2	0	56	137	110 George Street South - Marketview Co-operative	1	0	0	14	1	1	4	30	3	0.5556	0.5893	0.5758	110 George Street South - Marketview Co-operative
94	066		25	31	0	1	0	57	198	Wellesley Community Centre	0	0	0	11	0	0	6	35	5	0.6140	0.5439	0.5719	Wellesley Community Centre
94	128		34	50	0	0	0	84	243	St. Lawrence Market North	0	0	0	9	0	0	10	45	20	0.5357	0.5952	0.5714	St. Lawrence Market North
94	549		29	44	1	4	0	78	206	85 The Esplanade - Old York Tower	1	0	1	18	2	1	3	43	5	0.5811	0.5641	0.5709	85 The Esplanade - Old York Tower
94	450		36	99	1	1	1	138	465	University of Toronto - 30 Charles Street West	0	0	0	58	4	0	9	48	19	0.3478	0.7174	0.5696	University of Toronto - 30 Charles Street West
94	464		23	35	0	0	0	58	181	Church Street Community Centre (519 Church Street)	0	0	0	14	0	0	8	30	6	0.5172	0.6034	0.5690	Church Street Community Centre (519 Church Street)
94	461		89	138	0	0	1	228	464	44 St. Joseph Street - Polo Club II	0	1	0	38	1	0	21	115	49	0.5111	0.6053	0.5676	44 St. Joseph Street - Polo Club II
94	459		16	33	0	0	0	49	115	École élémentaire catholique Sacré-Coeur	0	1	0	10	0	0	11	20	7	0.4082	0.6735	0.5673	École élémentaire catholique Sacré-Coeur
94	507		43	70	0	2	0	115	202	117 Gerrard Street East	0	0	0	26	3	0	16	57	12	0.5000	0.6087	0.5652	117 Gerrard Street East
94	457		59	79	0	3	0	141	329	105 Isabella Street	0	1	0	27	2	0	16	80	14	0.5714	0.5603	0.5647	105 Isabella Street
94	560		59	84	0	1	0	144	327	7 Carlton Street - The Ellington	2	0	3	20	0	0	19	77	23	0.5347	0.5833	0.5639	7 Carlton Street - The Ellington
94	515		25	33	0	0	0	58	168	John Innes Community Centre	2	0	0	13	3	0	3	31	4	0.5536	0.5690	0.5628	John Innes Community Centre
94	463		76	102	0	0	2	180	289	30 Gloucester Street - Gloucester Village Gate	0	0	0	27	5	3	25	99	19	0.5562	0.5667	0.5625	30 Gloucester Street - Gloucester Village Gate
94	076		20	37	1	0	0	58	166	Church Street Junior Public School	0	0	0	16	0	0	11	26	5	0.4483	0.6379	0.5621	Church Street Junior Public School
94	067		30	56	1	2	0	89	245	Our Lady of Lourdes Catholic School	0	1	0	36	2	0	2	41	7	0.4607	0.6292	0.5618	Our Lady of Lourdes Catholic School
94	102		31	58	0	0	0	89	247	Lord Dufferin Junior and Senior Public School	0	0	0	22	1	0	10	38	18	0.4270	0.6517	0.5618	Lord Dufferin Junior and Senior Public School
94	479		27	40	0	0	0	67	115	Church Street Junior Public School	0	0	0	16	0	0	8	34	9	0.5075	0.5970	0.5612	Church Street Junior Public School
94	ADV004		297	369	2	9	0	677	0	St. Lawrence Market South	5	2	0	149	8	0	87	391	33	0.5793	0.5451	0.5587	St. Lawrence Market South
94	434		36	64	0	6	0	106	276	Rose Avenue Junior Public School	0	2	0	21	0	0	9	51	21	0.4904	0.6038	0.5584	Rose Avenue Junior Public School
94	070		52	83	1	1	1	138	287	Winchester Junior and Senior Public School	1	0	3	29	1	0	19	68	17	0.4928	0.6014	0.5580	Winchester Junior and Senior Public School
94	125A		101	155	1	3	1	261	439	St. Lawrence Community Centre	0	0	0	57	3	0	37	131	32	0.5038	0.5939	0.5579	St. Lawrence Community Centre
94	435C		47	60	1	7	0	115	403	Rose Avenue Junior Public School	1	3	0	20	1	0	4	69	15	0.6106	0.5217	0.5573	Rose Avenue Junior Public School
94	466		114	162	0	4	3	283	529	100 Wellesley Street East - Plaza One Hundred	1	1	1	66	7	1	27	150	29	0.5300	0.5724	0.5555	100 Wellesley Street East - Plaza One Hundred
94	043		40	51	1	2	0	94	250	Church Street Community Centre (519 Church Street)	1	0	0	19	3	0	8	54	9	0.5745	0.5426	0.5553	Church Street Community Centre (519 Church Street)
94	495		26	40	0	1	0	67	224	Church Street Junior Public School	0	0	0	14	1	0	5	33	14	0.4925	0.5970	0.5552	Church Street Junior Public School
94	064		36	44	0	0	0	80	205	Church Street Junior Public School	1	0	0	27	1	0	1	45	5	0.5625	0.5500	0.5550	Church Street Junior Public School
94	468		155	177	0	3	1	336	603	15 Maitland Place - L'Esprit	3	0	0	52	3	1	42	200	35	0.5952	0.5268	0.5542	15 Maitland Place - L'Esprit
94	061		54	94	0	0	2	150	347	Church Street Community Centre (519 Church Street)	2	2	0	45	3	0	16	66	15	0.4430	0.6267	0.5532	Church Street Community Centre (519 Church Street)
94	508		36	56	0	0	0	92	182	Le Collège français	3	1	0	18	1	0	17	43	9	0.4674	0.6087	0.5522	Le Collège français
94	045		23	43	0	0	0	66	166	École élémentaire catholique Sacré-Coeur	1	1	0	24	1	0	9	26	3	0.4000	0.6515	0.5509	École élémentaire catholique Sacré-Coeur
94	063		46	84	0	0	0	130	252	Church Street Community Centre (519 Church Street)	1	0	0	34	5	0	19	52	17	0.4063	0.6462	0.5502	Church Street Community Centre (519 Church Street)
94	556		58	69	0	0	0	127	189	285 Mutual Street - Radio City	1	0	0	21	1	0	14	71	19	0.5591	0.5433	0.5496	285 Mutual Street - Radio City
94	074		103	124	1	2	5	235	434	Sprucecourt Junior Public School	0	1	1	45	1	0	23	135	26	0.5819	0.5277	0.5494	Sprucecourt Junior Public School
94	481		70	117	0	0	0	187	451	Our Lady of Lourdes Catholic School	0	0	1	48	2	0	18	80	37	0.4301	0.6257	0.5474	Our Lady of Lourdes Catholic School
94	078		45	69	0	0	0	114	243	Le Collège français	0	0	0	35	2	0	12	52	12	0.4602	0.6053	0.5472	Le Collège français
94	114		40	54	0	6	0	100	297	Regent Park South Community Centre	3	1	1	14	0	0	14	55	11	0.5556	0.5400	0.5462	Regent Park South Community Centre
94	437B		53	84	2	6	0	145	430	Rose Avenue Junior Public School	2	1	0	34	5	0	12	71	18	0.4965	0.5793	0.5462	Rose Avenue Junior Public School
94	529		54	77	0	1	0	132	255	255 Richmond Street East - Space Condo	1	2	0	29	2	0	15	64	18	0.4885	0.5833	0.5454	255 Richmond Street East - Space Condo
94	097		67	79	0	0	0	146	339	Ryerson University International Learning Centre	0	1	0	23	1	0	19	80	22	0.5479	0.5411	0.5438	Ryerson University International Learning Centre
94	483		66	79	0	1	0	146	487	Our Lady of Lourdes Catholic School	0	0	0	31	4	0	14	80	17	0.5479	0.5411	0.5438	Our Lady of Lourdes Catholic School
94	062		53	71	0	0	0	124	220	Church Street Community Centre (519 Church Street)	1	0	1	27	2	0	15	62	16	0.5000	0.5726	0.5435	Church Street Community Centre (519 Church Street)
94	042		34	52	0	1	1	88	244	877 Yonge Street - Fellowship Towers	1	0	0	20	1	0	13	41	11	0.4713	0.5909	0.5431	877 Yonge Street - Fellowship Towers
94	504		62	94	0	4	0	160	443	40 Gerrard Street East - Maple Leaf Apartments	0	0	0	49	3	0	12	76	20	0.4750	0.5875	0.5425	40 Gerrard Street East - Maple Leaf Apartments
94	116		16	28	0	0	1	45	139	Ryerson University International Learning Centre	4	1	0	11	3	1	4	19	2	0.4222	0.6222	0.5422	Ryerson University International Learning Centre
94	051		38	58	0	0	0	96	230	Church Street Community Centre (519 Church Street)	0	0	0	35	5	1	8	43	4	0.4479	0.6042	0.5417	Church Street Community Centre (519 Church Street)
94	523		30	56	0	1	1	88	285	275 Shuter Street	2	2	1	30	3	1	2	35	12	0.3977	0.6364	0.5409	275 Shuter Street
94	552		38	70	1	3	0	112	203	St. Michael Catholic School	2	0	0	40	0	1	11	46	12	0.4107	0.6250	0.5393	St. Michael Catholic School
94	115		38	76	0	5	0	119	260	Dixon Hall	1	0	1	37	2	0	17	46	14	0.3898	0.6387	0.5391	Dixon Hall
94	456		70	97	0	2	0	169	282	550 Jarvis Street - Massey House Apartments	0	0	0	45	0	1	18	81	22	0.4850	0.5740	0.5384	550 Jarvis Street - Massey House Apartments
94	493		72	110	0	0	0	182	498	Le Collège français	0	0	0	56	1	0	21	79	23	0.4389	0.6044	0.5382	Le Collège français
94	077		66	75	1	3	0	145	257	Church Street Junior Public School	0	0	0	30	3	0	19	82	10	0.5694	0.5172	0.5381	Church Street Junior Public School
94	093		74	101	0	13	0	188	580	Sprucecourt Junior Public School	6	0	2	62	2	2	5	100	7	0.5376	0.5372	0.5374	Sprucecourt Junior Public School
94	437A		75	75	0	4	0	154	486	Rose Avenue Junior Public School	2	0	1	21	1	0	16	93	18	0.6118	0.4870	0.5369	Rose Avenue Junior Public School
94	082		38	58	0	1	0	97	275	Parliament Street Public Library	0	0	2	28	2	1	7	43	14	0.4433	0.5979	0.5361	Parliament Street Public Library
94	517A		44	63	0	3	2	112	346	201 Sherbourne Street - Centre Point Apartments	1	0	0	25	3	0	17	55	10	0.4955	0.5625	0.5357	201 Sherbourne Street - Centre Point Apartments
94	091		54	85	1	2	2	144	290	Parliament Street Public Library	0	0	0	34	2	0	23	65	20	0.4514	0.5903	0.5347	Parliament Street Public Library
94	550		25	25	1	0	0	51	146	St. Michael Catholic School	1	0	0	12	1	0	2	30	4	0.6000	0.4902	0.5341	St. Michael Catholic School
94	500		49	54	0	1	0	104	182	298 Jarvis Street	1	0	0	26	1	0	5	56	12	0.5545	0.5192	0.5333	298 Jarvis Street
94	562		26	33	0	0	0	59	117	77 Lombard Street - Absolute Lofts	0	0	0	8	0	0	4	29	18	0.4915	0.5593	0.5322	77 Lombard Street - Absolute Lofts
94	135		45	77	1	1	0	124	220	St. Michael Catholic School	3	3	0	37	0	0	16	49	15	0.3984	0.6210	0.5319	St. Michael Catholic School
94	056		62	87	1	2	2	154	301	St. Martin's School / A.P.P.L.E. Alternative	0	0	1	24	1	1	36	73	16	0.4803	0.5649	0.5311	St. Martin's School / A.P.P.L.E. Alternative
94	073		80	118	0	1	0	199	339	St. Martin's School / A.P.P.L.E. Alternative	1	0	1	35	1	0	35	87	39	0.4372	0.5930	0.5307	St. Martin's School / A.P.P.L.E. Alternative
94	458		50	59	0	1	1	111	207	100 Gloucester Street - Cawthra Apartments	2	0	0	21	0	0	14	58	15	0.5273	0.5315	0.5298	100 Gloucester Street - Cawthra Apartments
94	038		13	24	0	0	0	37	125	École élémentaire catholique Sacré-Coeur	0	1	2	12	1	0	3	13	5	0.3514	0.6486	0.5297	École élémentaire catholique Sacré-Coeur
94	477A		107	110	1	3	1	222	416	50 Alexander Street - Village Green	0	0	0	42	2	0	22	128	27	0.5792	0.4955	0.5290	50 Alexander Street - Village Green
94	072		62	108	0	0	10	180	372	St. Martin's School / A.P.P.L.E. Alternative	0	0	2	49	1	0	28	76	24	0.4222	0.6000	0.5289	St. Martin's School / A.P.P.L.E. Alternative
94	480		152	184	3	0	0	339	607	77 Maitland Place - Celebrity Place	1	0	1	99	4	1	24	171	36	0.5074	0.5428	0.5286	77 Maitland Place - Celebrity Place
94	044		37	55	0	1	0	93	216	École élémentaire catholique Sacré-Coeur	0	1	0	29	0	0	13	39	8	0.4333	0.5914	0.5282	École élémentaire catholique Sacré-Coeur
94	423		57	68	2	19	0	146	376	Rose Avenue Junior Public School	3	2	3	23	4	2	7	87	9	0.6214	0.4658	0.5280	Rose Avenue Junior Public School
94	124		48	59	0	4	0	111	251	John Innes Community Centre	0	0	0	23	3	0	14	58	13	0.5225	0.5315	0.5279	John Innes Community Centre
94	125B		42	61	0	0	0	103	444	St. Lawrence Community Centre	0	1	0	25	2	0	12	44	18	0.4314	0.5922	0.5279	St. Lawrence Community Centre
94	553		54	75	1	3	0	133	321	St. Lawrence Community Centre	4	0	0	37	4	0	11	62	13	0.4733	0.5639	0.5277	St. Lawrence Community Centre
94	426		19	21	0	1	0	41	94	55 Bloor Street East - Signatures on Bloor	0	0	0	5	0	0	6	22	7	0.5500	0.5122	0.5273	55 Bloor Street East - Signatures on Bloor
94	121		34	59	0	0	0	93	191	Dixon Hall	1	1	0	27	0	0	17	34	13	0.3656	0.6344	0.5269	Dixon Hall
94	543		58	92	0	2	0	152	298	St. Lawrence Community Centre	0	1	3	59	2	0	18	62	7	0.4079	0.6053	0.5263	St. Lawrence Community Centre
94	527		96	140	0	1	0	237	500	210 Victoria Street - Pantages Tower	0	0	1	49	2	1	17	100	63	0.4292	0.5907	0.5261	210 Victoria Street - Pantages Tower
94	545		62	92	0	2	1	157	245	39 Parliament Street - Parliament Square	3	2	0	55	2	0	20	68	6	0.4359	0.5860	0.5260	39 Parliament Street - Parliament Square
94	428		41	45	0	0	0	86	173	100 Hayden Street - Bloor Walk Residences	0	0	0	12	2	1	10	45	15	0.5294	0.5233	0.5257	100 Hayden Street - Bloor Walk Residences
94	536		70	78	0	1	7	156	309	333 Adelaide Street East - Mozo	0	1	0	11	2	0	21	84	30	0.5638	0.5000	0.5255	333 Adelaide Street East - Mozo
94	105		64	82	2	23	2	173	566	Regent Park South Community Centre	0	2	0	49	3	1	6	104	8	0.6012	0.4740	0.5249	Regent Park South Community Centre
94	435B		64	65	0	12	5	146	453	Rose Avenue Junior Public School	1	2	3	26	3	0	7	94	10	0.6438	0.4452	0.5247	Rose Avenue Junior Public School
94	448		42	61	0	3	0	106	450	1101 Bay Street - Residences On Bay	2	1	0	21	3	0	9	47	22	0.4476	0.5755	0.5243	1101 Bay Street - Residences On Bay
94	065		34	38	0	2	0	74	192	Le Collège français	0	0	0	22	2	0	9	40	1	0.5405	0.5135	0.5243	Le Collège français
94	429		15	21	0	1	0	37	134	École élémentaire catholique Sacré-Coeur	0	0	0	11	0	0	3	17	6	0.4595	0.5676	0.5243	École élémentaire catholique Sacré-Coeur
94	511A		74	88	0	1	0	163	298	155 Dalhousie Street - The Merchandise Building	2	1	0	26	1	1	21	81	29	0.5000	0.5399	0.5239	155 Dalhousie Street - The Merchandise Building
94	471		74	114	3	6	0	197	349	Bleecker Street Co-operative	1	0	0	83	4	0	10	86	11	0.4410	0.5787	0.5236	Bleecker Street Co-operative
94	122		74	139	0	1	16	230	431	Ryerson University International Learning Centre	2	1	2	50	1	3	35	91	42	0.4009	0.6043	0.5230	Ryerson University International Learning Centre
94	505		46	101	1	3	1	152	351	96 Gerrard Street East - Neil Wycik Co-operative	0	1	0	57	2	0	25	47	20	0.3092	0.6645	0.5224	96 Gerrard Street East - Neil Wycik Co-operative
94	484		18	18	0	0	0	36	140	Our Lady of Lourdes Catholic School	0	0	0	7	0	0	5	20	4	0.5556	0.5000	0.5222	Our Lady of Lourdes Catholic School
94	120		50	79	0	2	0	131	307	Dixon Hall	0	0	1	28	1	0	25	52	23	0.4000	0.6031	0.5218	Dixon Hall
94	ADV002		306	360	3	6	10	685	0	Parliament Street Public Library	4	5	3	131	7	1	68	351	110	0.5162	0.5255	0.5218	Parliament Street Public Library
94	431A		86	119	0	2	0	207	639	Wellesley Community Centre	5	1	3	61	3	0	18	91	25	0.4396	0.5749	0.5208	Wellesley Community Centre
94	086		64	79	0	2	0	145	486	St. Joseph's College School	3	0	1	44	3	1	13	69	10	0.4792	0.5448	0.5186	St. Joseph's College School
94	517B		36	65	1	1	0	103	316	201 Sherbourne Street - Centre Point Apartments	2	3	0	31	4	0	12	36	15	0.3495	0.6311	0.5184	201 Sherbourne Street - Centre Point Apartments
94	075		45	57	0	1	0	103	266	Church Street Junior Public School	1	1	0	28	0	1	15	48	9	0.4660	0.5534	0.5184	Church Street Junior Public School
94	088		58	68	4	0	0	130	462	Le Collège français	0	2	0	30	1	0	15	65	15	0.5078	0.5231	0.5170	Le Collège français
94	133		55	63	0	0	0	118	336	St. Lawrence Market North	3	0	0	25	1	0	9	58	22	0.4915	0.5339	0.5169	St. Lawrence Market North
94	ADV003		516	538	10	43	0	1107	0	Wellesley Community Centre	9	5	6	168	12	5	67	610	213	0.5571	0.4860	0.5144	Wellesley Community Centre
94	425		48	48	0	4	0	100	266	Rose Avenue Junior Public School	1	0	1	22	1	0	5	56	13	0.5657	0.4800	0.5143	Rose Avenue Junior Public School
94	542		89	103	1	1	0	194	323	St. Lawrence on the Park	0	1	0	43	3	0	19	94	33	0.4870	0.5309	0.5134	St. Lawrence on the Park
94	472		40	38	0	0	0	78	180	St. Joseph's College School	0	1	0	8	1	0	3	43	22	0.5513	0.4872	0.5128	St. Joseph's College School
94	099		45	65	0	1	0	111	412	John Innes Community Centre	3	0	2	37	1	2	9	44	11	0.4037	0.5856	0.5128	John Innes Community Centre
94	445		22	29	1	0	0	52	144	St. Joseph's College School	0	0	17	0	0	12	0	23	0	0.4423	0.5577	0.5115	St. Joseph's College School
94	531		77	91	0	1	0	169	307	323 Richmond Street East - The Richmond	1	1	1	34	0	0	21	79	31	0.4702	0.5385	0.5112	323 Richmond Street East - The Richmond
94	511B		67	82	0	2	2	153	272	155 Dalhousie Street - The Merchandise Building	0	0	0	26	0	0	18	72	36	0.4737	0.5359	0.5110	155 Dalhousie Street - The Merchandise Building
94	059-1		157	214	5	5	2	383	772	University of Toronto - St. Michael's College	1	4	1	99	3	0	37	166	68	0.4380	0.5587	0.5104	University of Toronto - St. Michael's College
94	498		75	61	0	0	0	136	231	77 Carlton Street	1	0	0	24	2	0	7	82	20	0.6029	0.4485	0.5103	77 Carlton Street
94	057		90	89	1	0	0	180	325	St. Martin's School / A.P.P.L.E. Alternative	0	0	0	17	0	0	24	95	43	0.5307	0.4944	0.5090	St. Martin's School / A.P.P.L.E. Alternative
94	522		25	33	0	10	0	68	140	88 Mutual Street	1	0	0	21	2	0	3	37	4	0.5441	0.4853	0.5088	88 Mutual Street
94	563		119	151	0	4	0	274	496	Yorktown on the Park	0	2	1	59	4	3	33	122	50	0.4453	0.5511	0.5088	Yorktown on the Park
94	530		75	93	0	3	0	171	310	323 Richmond Street East - The Richmond	1	0	0	28	0	0	26	77	37	0.4556	0.5439	0.5086	323 Richmond Street East - The Richmond
94	561		85	89	1	1	0	176	181	33 Lombard Street - The Spire	0	0	0	32	1	0	17	89	35	0.5115	0.5057	0.5080	33 Lombard Street - The Spire
94	451		69	85	0	4	0	158	325	33 Isabella Street - Isabella Court	2	0	0	35	6	0	22	73	20	0.4620	0.5380	0.5076	33 Isabella Street - Isabella Court
94	047		84	93	0	2	0	179	314	St. Martin's School / A.P.P.L.E. Alternative	0	0	2	26	1	0	28	87	34	0.4888	0.5196	0.5072	St. Martin's School / A.P.P.L.E. Alternative
94	518		43	52	0	0	0	95	158	90 Sumach Street	0	0	0	7	0	0	17	42	28	0.4468	0.5474	0.5071	90 Sumach Street
94	111		56	72	1	1	1	131	303	Lord Dufferin Junior and Senior Public School	0	0	0	22	2	0	25	58	24	0.4427	0.5496	0.5069	Lord Dufferin Junior and Senior Public School
94	491		55	60	0	3	0	118	280	25 Grenville Street - The Gallery	0	0	0	18	0	0	12	59	28	0.5043	0.5085	0.5068	25 Grenville Street - The Gallery
94	092		51	76	0	5	1	133	321	Lord Dufferin Junior and Senior Public School	1	0	1	36	0	0	20	54	20	0.4091	0.5714	0.5065	Lord Dufferin Junior and Senior Public School
94	055		46	47	1	4	2	100	243	Winchester Junior and Senior Public School	0	0	0	18	1	1	10	55	13	0.5612	0.4700	0.5065	Winchester Junior and Senior Public School
94	108		42	52	0	0	0	94	306	Ryerson University International Learning Centre	1	0	0	25	1	0	10	41	16	0.4362	0.5532	0.5064	Ryerson University International Learning Centre
94	117		63	70	0	4	1	138	342	Ryerson University International Learning Centre	0	0	0	38	0	1	9	69	20	0.5036	0.5072	0.5058	Ryerson University International Learning Centre
94	113		76	91	1	0	1	169	407	Lord Dufferin Junior and Senior Public School	0	1	1	24	4	2	22	77	38	0.4556	0.5385	0.5053	Lord Dufferin Junior and Senior Public School
94	436		53	54	1	1	0	109	263	Rose Avenue Junior Public School	1	1	0	21	2	1	6	55	19	0.5189	0.4954	0.5048	Rose Avenue Junior Public School
94	487		76	83	3	5	0	167	405	220 Oak Street	8	2	2	49	3	0	7	84	8	0.5153	0.4970	0.5043	220 Oak Street
94	431B		104	116	0	6	0	226	666	Wellesley Community Centre	1	2	0	62	4	0	20	110	26	0.4889	0.5133	0.5035	Wellesley Community Centre
94	098		73	173	1	3	0	250	364	Ryerson University - 110 Pitman Hall	0	0	0	124	5	0	49	54	13	0.2204	0.6920	0.5034	Ryerson University - 110 Pitman Hall
94	405		101	124	0	0	4	229	442	50 Hillsboro Avenue - Ramsden Place Apartments	1	0	2	49	5	0	28	102	42	0.4454	0.5415	0.5031	50 Hillsboro Avenue - Ramsden Place Apartments
94	132		44	59	0	4	0	107	253	St. Lawrence Community Centre	0	1	1	26	6	1	12	46	14	0.4299	0.5514	0.5028	St. Lawrence Community Centre
94	ADV001		701	658	8	17	9	1393	0	Returning Office / Bureau du directeur du scrutin	4	3	3	196	10	2	115	751	291	0.5462	0.4724	0.5019	Returning Office / Bureau du directeur du scrutin
94	497		49	60	0	1	2	112	197	84 Carlton Street - Tobias House	1	2	0	22	9	1	8	50	18	0.4505	0.5357	0.5016	84 Carlton Street - Tobias House
94	474		99	106	1	3	0	209	436	24 Wellesley Street West - Century Plaza	1	0	0	31	0	0	27	103	47	0.4928	0.5072	0.5014	24 Wellesley Street West - Century Plaza
94	541		62	71	0	0	1	134	386	St. Michael Catholic School	1	1	0	46	0	1	9	61	14	0.4586	0.5299	0.5014	St. Michael Catholic School
94	012		117	106	0	0	1	224	461	Our Lady of Perpetual Help School	0	6	0	18	1	1	22	121	54	0.5426	0.4732	0.5010	Our Lady of Perpetual Help School
94	476		75	56	0	3	1	135	232	25 Maitland Street - The Cosmopolitan	0	0	0	11	2	1	17	84	19	0.6269	0.4148	0.4996	25 Maitland Street - The Cosmopolitan
94	050		40	56	0	1	0	97	184	Church Street Community Centre (519 Church Street)	0	0	0	32	0	0	18	37	10	0.3814	0.5773	0.4990	Church Street Community Centre (519 Church Street)
94	123		44	52	2	2	1	101	247	Fred Victor Centre	3	0	0	16	1	0	17	47	15	0.4747	0.5149	0.4988	Fred Victor Centre
94	418		67	72	0	2	1	142	280	8 Park Road	0	1	0	16	0	0	10	69	46	0.4859	0.5070	0.4986	8 Park Road
94	127		45	47	0	0	0	92	134	St. Lawrence Market North	0	0	1	15	2	0	8	44	22	0.4783	0.5109	0.4978	St. Lawrence Market North
94	502		25	30	0	2	0	57	171	St. Joseph's College School	0	0	0	9	1	0	4	25	16	0.4545	0.5263	0.4976	St. Joseph's College School
94	085		91	125	1	2	2	221	333	Sprucecourt Junior Public School	0	0	0	71	0	1	32	87	29	0.3955	0.5656	0.4975	Sprucecourt Junior Public School
94	437C		68	59	2	11	0	140	472	Rose Avenue Junior Public School	0	2	2	20	11	4	14	85	1	0.6115	0.4214	0.4975	Rose Avenue Junior Public School
94	407		72	67	0	1	0	140	303	942 Yonge Street - Memphis Condominium	1	0	0	14	2	0	16	73	33	0.5252	0.4786	0.4972	942 Yonge Street - Memphis Condominium
94	053		58	60	0	1	1	120	234	École élémentaire catholique Sacré-Coeur	0	0	0	37	0	0	8	59	16	0.4917	0.5000	0.4967	École élémentaire catholique Sacré-Coeur
94	430		102	109	0	3	1	215	509	235 Bloor Street East - Residences on Bloor	1	0	1	37	5	3	27	102	37	0.4789	0.5070	0.4957	235 Bloor Street East - Residences on Bloor
94	134		69	102	0	0	2	173	275	St. Lawrence Community Centre	0	0	0	43	4	0	30	61	34	0.3547	0.5896	0.4956	St. Lawrence Community Centre
94	080		43	37	0	0	0	80	208	Our Lady of Lourdes Catholic School	1	0	0	20	1	0	10	43	4	0.5443	0.4625	0.4952	Our Lady of Lourdes Catholic School
94	455		57	45	0	1	0	103	142	86 Gloucester Street	0	2	0	10	4	1	7	60	19	0.5825	0.4369	0.4951	86 Gloucester Street
94	446		23	24	0	0	0	47	112	1121 Bay Street	0	0	0	8	1	0	5	22	11	0.4681	0.5106	0.4936	1121 Bay Street
94	540		51	80	0	2	1	134	259	St. Michael Catholic School	0	1	2	64	2	0	9	45	10	0.3383	0.5970	0.4935	St. Michael Catholic School
94	432B		72	92	5	20	2	191	607	Wellesley Community Centre	4	3	2	50	8	4	2	94	17	0.5109	0.4817	0.4934	Wellesley Community Centre
94	411		31	26	2	2	0	61	106	120 Rosedale Valley Road - Arbour Glen Apartments	0	0	0	12	0	0	4	35	8	0.5932	0.4262	0.4930	120 Rosedale Valley Road - Arbour Glen Apartments
94	496		157	131	0	8	3	299	587	45 Carlton Street - The Lexington	0	2	3	38	7	1	25	172	51	0.5753	0.4381	0.4930	45 Carlton Street - The Lexington
94	087		25	27	0	2	0	54	131	Church Street Junior Public School	0	0	0	17	2	0	6	26	3	0.4815	0.5000	0.4926	Church Street Junior Public School
94	492		89	88	3	6	0	186	294	484 Church Street - City Park Co-operative	1	2	1	45	2	13	11	97	14	0.5215	0.4731	0.4925	484 Church Street - City Park Co-operative
94	409		35	29	1	1	0	66	111	914 Yonge Street	0	0	0	8	0	0	4	37	16	0.5692	0.4394	0.4913	914 Yonge Street
94	104		120	105	1	29	0	255	710	Regent Park South Community Centre	2	2	1	65	12	3	3	153	10	0.6096	0.4118	0.4909	Regent Park South Community Centre
94	546		42	43	0	3	0	88	174	85 The Esplanade - Old York Tower	1	0	1	22	2	0	5	43	13	0.4943	0.4886	0.4909	85 The Esplanade - Old York Tower
94	490		86	95	0	2	4	187	397	887-889 Bay Street - Opera Place	1	2	1	33	5	1	20	86	36	0.4649	0.5080	0.4908	887-889 Bay Street - Opera Place
94	438		50	42	0	2	2	96	274	Rose Avenue Junior Public School	0	0	0	19	2	0	9	53	10	0.5699	0.4375	0.4905	Rose Avenue Junior Public School
94	477B		105	98	2	1	3	209	380	50 Alexander Street - Village Green	1	1	1	50	1	1	17	108	28	0.5192	0.4689	0.4890	50 Alexander Street - Village Green
94	512		30	40	1	1	1	73	166	261 Jarvis Street	1	1	0	22	3	8	0	29	9	0.3973	0.5479	0.4877	261 Jarvis Street
94	060		112	162	0	7	0	281	777	St. Joseph's College School	3	2	1	82	12	0	39	98	41	0.3525	0.5765	0.4869	St. Joseph's College School
94	084		53	57	0	3	0	113	298	Sprucecourt Junior Public School	1	1	2	32	2	0	6	52	17	0.4602	0.5044	0.4867	Sprucecourt Junior Public School
94	433		88	88	0	5	1	182	398	Rose Avenue Junior Public School	2	1	0	27	7	2	7	87	44	0.4915	0.4835	0.4867	Rose Avenue Junior Public School
94	473A		81	74	0	3	0	158	367	1001 Bay Street	0	0	0	17	1	0	12	81	47	0.5127	0.4684	0.4861	1001 Bay Street
94	435A		56	67	3	15	0	141	447	Rose Avenue Junior Public School	0	3	2	41	1	0	4	70	19	0.5000	0.4752	0.4851	Rose Avenue Junior Public School
94	427		57	57	0	1	1	116	234	85 Bloor Street East	0	0	1	18	2	0	6	55	34	0.4741	0.4914	0.4845	85 Bloor Street East
94	048		29	25	0	0	1	55	150	877 Yonge Street - Fellowship Towers	0	0	0	7	1	1	7	29	10	0.5273	0.4545	0.4836	877 Yonge Street - Fellowship Towers
94	565		142	111	0	2	4	259	428	109 Front Street	0	1	0	35	6	0	22	145	49	0.5620	0.4286	0.4819	109 Front Street
94	535		63	53	0	0	0	116	211	168 King Street East - King George Square	0	0	0	8	0	0	13	60	35	0.5172	0.4569	0.4810	168 King Street East - King George Square
94	460		129	149	1	30	0	309	848	Wellesley Community Centre	3	2	5	98	7	0	22	145	22	0.4770	0.4822	0.4801	Wellesley Community Centre
94	554B		83	104	8	0	0	195	366	25 The Esplanade	0	0	0	28	1	0	32	77	55	0.3990	0.5333	0.4796	25 The Esplanade
94	424		78	69	0	0	8	155	490	Rose Avenue Junior Public School	1	0	4	33	2	1	3	82	29	0.5290	0.4452	0.4787	Rose Avenue Junior Public School
94	554A		106	93	0	1	0	200	335	25 The Esplanade	0	0	0	32	2	0	21	98	44	0.4975	0.4650	0.4780	25 The Esplanade
94	488		42	56	1	4	7	110	352	220 Oak Street	2	2	0	39	3	1	4	47	11	0.4312	0.5091	0.4779	220 Oak Street
94	485		56	57	1	15	0	129	278	55 Bleecker Street - Winchester Square Apartments	3	1	1	16	6	1	7	67	24	0.5317	0.4419	0.4778	55 Bleecker Street - Winchester Square Apartments
94	519		35	31	0	0	1	67	143	Metta Housing Co-operative	2	0	2	21	0	2	0	33	6	0.5000	0.4627	0.4776	Metta Housing Co-operative
94	506		13	31	10	2	0	56	215	Le Collège français	1	1	0	20	2	0	5	20	6	0.3636	0.5536	0.4776	Le Collège français
94	454		38	31	3	1	0	73	145	École élémentaire catholique Sacré-Coeur	0	0	0	11	0	0	8	40	13	0.5556	0.4247	0.4770	École élémentaire catholique Sacré-Coeur
94	494		87	72	0	5	1	165	280	484 Church Street - City Park Co-operative	2	0	2	38	2	2	17	87	13	0.5337	0.4364	0.4753	484 Church Street - City Park Co-operative
94	469		17	13	0	0	0	30	119	Wellesley Community Centre	0	0	1	9	0	0	2	16	2	0.5333	0.4333	0.4733	Wellesley Community Centre
94	126		141	133	2	4	0	280	535	St. Lawrence Market North	2	0	2	47	2	0	41	130	53	0.4693	0.4750	0.4727	St. Lawrence Market North
94	569		67	58	0	2	0	127	219	925 Bay Street - Bay Club	1	0	0	15	0	1	9	63	38	0.4961	0.4567	0.4724	925 Bay Street - Bay Club
94	100		21	28	0	1	0	50	197	John Innes Community Centre	0	0	0	15	0	0	8	17	10	0.3400	0.5600	0.4720	John Innes Community Centre
94	462		75	75	1	0	4	155	173	25 St. Mary Street - La Place Marie	0	1	0	29	2	0	10	69	41	0.4539	0.4839	0.4719	25 St. Mary Street - La Place Marie
94	037		62	62	0	3	0	127	386	École élémentaire catholique Sacré-Coeur	1	1	0	13	2	0	16	56	37	0.4444	0.4882	0.4707	École élémentaire catholique Sacré-Coeur
94	478		119	80	0	0	1	200	281	484 Church Street - City Park Co-operative	0	0	0	44	1	7	16	114	16	0.5758	0.4000	0.4703	484 Church Street - City Park Co-operative
94	547		69	65	0	3	0	137	225	110 Esplanade - Performing Arts Lodge	1	0	0	42	0	0	7	63	24	0.4599	0.4745	0.4686	110 Esplanade - Performing Arts Lodge
94	482		201	175	1	10	0	387	608	40 Homewood Avenue	2	2	3	85	5	2	47	188	49	0.4909	0.4522	0.4677	40 Homewood Avenue
94	551		31	36	0	1	0	68	174	St. Michael Catholic School	1	1	0	16	3	0	13	25	8	0.3731	0.5294	0.4669	St. Michael Catholic School
94	510		60	54	2	10	1	127	323	251 Sherbourne - Dan Harrison Apartments	4	2	1	36	4	1	2	65	8	0.5285	0.4252	0.4665	251 Sherbourne - Dan Harrison Apartments
94	432A		80	94	2	6	17	199	611	Wellesley Community Centre	5	6	2	70	6	0	5	91	14	0.4573	0.4724	0.4663	Wellesley Community Centre
94	046		94	81	2	1	0	178	300	St. Martin's School / A.P.P.L.E. Alternative	0	1	0	20	2	0	35	86	34	0.4831	0.4551	0.4663	St. Martin's School / A.P.P.L.E. Alternative
94	415		54	48	0	1	0	103	148	15 McMurrich Street - The St. George	0	0	0	8	2	0	11	48	34	0.4660	0.4660	0.4660	15 McMurrich Street - The St. George
94	570		76	60	1	3	2	142	302	909 Bay Street - The Allegro	0	1	0	13	2	0	9	72	39	0.5294	0.4225	0.4653	909 Bay Street - The Allegro
94	473B		63	59	2	4	1	129	318	1001 Bay Street	0	1	0	17	5	1	11	60	32	0.4724	0.4574	0.4634	1001 Bay Street
94	467		51	53	0	3	0	107	212	460 Jarvis Street	2	4	3	24	11	1	3	43	13	0.4135	0.4953	0.4626	460 Jarvis Street
94	118		66	63	0	0	0	129	317	John Innes Community Centre	2	0	0	27	2	0	11	54	32	0.4219	0.4884	0.4618	John Innes Community Centre
94	049		30	34	1	0	0	65	156	Church Street Community Centre (519 Church Street)	0	0	0	20	3	0	9	24	9	0.3692	0.5231	0.4615	Church Street Community Centre (519 Church Street)
94	109		24	19	0	3	0	46	222	John Innes Community Centre	1	2	0	10	1	0	1	24	6	0.5333	0.4130	0.4612	John Innes Community Centre
94	417		31	34	0	0	1	66	190	877 Yonge Street - Fellowship Towers	0	1	0	26	1	0	6	25	7	0.3788	0.5152	0.4606	877 Yonge Street - Fellowship Towers
94	453		40	31	0	0	0	71	147	Church Street Community Centre (519 Church Street)	0	0	0	17	0	1	6	34	12	0.4857	0.4366	0.4563	Church Street Community Centre (519 Church Street)
94	414		27	28	0	2	0	57	124	Church of the Redeemer	0	1	0	8	1	0	9	23	15	0.4035	0.4912	0.4561	Church of the Redeemer
94	412		51	29	0	0	2	82	144	Branksome Hall	0	0	0	13	0	0	5	50	14	0.6098	0.3537	0.4561	Branksome Hall
94	533		43	31	0	0	1	75	127	50 Lombard Street - The Indigo	0	0	0	10	2	0	7	39	17	0.5200	0.4133	0.4560	50 Lombard Street - The Indigo
94	442		23	21	0	0	3	47	105	102 Bloor Street West	0	0	0	5	1	0	6	22	13	0.4681	0.4468	0.4553	102 Bloor Street West
94	027B		57	53	0	2	0	112	325	Branksome Hall	1	0	0	7	1	0	16	47	38	0.4273	0.4732	0.4548	Branksome Hall
94	444		92	76	0	0	1	169	339	57 Charles Street West - Bay Charles Apartments	1	0	1	33	2	0	18	77	37	0.4556	0.4497	0.4521	57 Charles Street West - Bay Charles Apartments
94	421		97	80	0	2	0	179	576	École élémentaire catholique Sacré-Coeur	1	1	2	45	2	0	19	82	27	0.4581	0.4469	0.4514	École élémentaire catholique Sacré-Coeur
94	503		91	69	3	18	2	183	332	423 Yonge Street - Collegeview Apartments	6	6	3	20	16	2	5	99	20	0.5593	0.3770	0.4500	423 Yonge Street - Collegeview Apartments
94	538		51	30	0	0	1	82	147	39 Jarvis Street - The St. James	0	0	0	6	0	0	3	46	25	0.5750	0.3659	0.4495	39 Jarvis Street - The St. James
94	475		36	32	0	1	0	69	142	555 Yonge Street	0	0	0	7	2	0	11	29	19	0.4265	0.4638	0.4488	555 Yonge Street
94	548		79	66	0	8	0	153	319	85 The Esplanade - Old York Tower	1	1	3	39	9	2	4	71	20	0.4733	0.4314	0.4482	85 The Esplanade - Old York Tower
94	110		33	36	1	3	0	73	283	John Innes Community Centre	1	1	1	15	2	0	2	27	22	0.3803	0.4932	0.4480	John Innes Community Centre
94	028		103	86	0	0	2	191	441	877 Yonge Street - Fellowship Towers	0	0	0	17	0	0	25	84	63	0.4444	0.4503	0.4479	877 Yonge Street - Fellowship Towers
94	036		95	65	0	4	0	164	343	877 Yonge Street - Fellowship Towers	0	0	0	18	4	0	11	85	45	0.5215	0.3963	0.4464	877 Yonge Street - Fellowship Towers
94	106		55	64	3	0	8	130	260	Dixon Hall	0	1	2	37	0	0	15	49	26	0.3769	0.4923	0.4462	Dixon Hall
94	568		105	71	3	1	0	180	470	1055 Bay Street - Polo Club I	1	0	0	24	4	0	18	90	38	0.5143	0.3944	0.4424	1055 Bay Street - Polo Club I
94	525		53	47	2	5	7	114	330	275 Shuter Street	1	0	1	37	3	1	6	55	9	0.4867	0.4123	0.4421	275 Shuter Street
94	401		52	32	0	3	0	87	129	1177 Yonge Street - The Ports	0	0	0	1	1	0	9	48	28	0.5517	0.3678	0.4414	1177 Yonge Street - The Ports
94	400		109	72	0	2	1	184	336	7 Jackes Avenue - Summerhill Apartments	0	1	0	31	1	0	18	95	38	0.5163	0.3913	0.4413	7 Jackes Avenue - Summerhill Apartments
94	015		112	82	0	1	0	195	407	Our Lady of Perpetual Help School	2	0	0	14	1	0	24	91	63	0.4667	0.4205	0.4390	Our Lady of Perpetual Help School
94	009		102	74	0	1	0	177	328	Rosedale United Church	0	0	0	10	1	0	25	83	58	0.4689	0.4181	0.4384	Rosedale United Church
94	071		80	55	0	0	0	135	290	Winchester Junior and Senior Public School	0	0	0	19	0	0	26	63	22	0.4846	0.4074	0.4383	Winchester Junior and Senior Public School
94	131		51	29	0	1	0	81	201	St. Michael Catholic School	0	1	0	6	3	0	5	45	21	0.5556	0.3580	0.4370	St. Michael Catholic School
94	558		63	51	0	2	0	116	262	18 Yorkville Avenue	0	0	0	12	1	0	11	50	42	0.4310	0.4397	0.4362	18 Yorkville Avenue
94	031		85	68	0	2	0	155	296	Branksome Hall	0	0	0	17	1	0	26	67	44	0.4323	0.4387	0.4361	Branksome Hall
94	406		41	32	0	1	0	74	142	77 McMurrich Street	0	0	0	5	0	0	3	32	33	0.4384	0.4324	0.4348	77 McMurrich Street
94	130A		213	146	0	4	1	364	548	St. Lawrence Market North	2	1	0	28	7	0	34	173	115	0.4806	0.4011	0.4329	St. Lawrence Market North
94	526		47	40	0	2	12	101	356	275 Shuter Street	4	1	1	29	5	0	3	48	8	0.4848	0.3960	0.4316	275 Shuter Street
94	524		81	61	2	11	0	155	337	275 Shuter Street	4	1	0	52	5	0	3	75	15	0.4839	0.3935	0.4297	275 Shuter Street
94	501		57	33	1	1	0	92	187	Our Lady of Lourdes Catholic School	0	0	0	6	1	0	3	49	33	0.5326	0.3587	0.4283	Our Lady of Lourdes Catholic School
94	413		127	81	0	0	1	209	300	21 Dale Avenue - Kensington Apartments	0	0	0	15	1	0	23	102	68	0.4880	0.3876	0.4278	21 Dale Avenue - Kensington Apartments
94	410		63	31	0	2	0	96	142	120 Rosedale Valley Road - Arbour Glen Apartments	1	1	0	6	3	0	4	56	25	0.5833	0.3229	0.4271	120 Rosedale Valley Road - Arbour Glen Apartments
94	544		48	28	3	7	0	86	152	33 Hahn Place - La Place St Laurent	0	0	1	19	0	1	8	48	6	0.5783	0.3256	0.4267	33 Hahn Place - La Place St Laurent
94	032		102	61	0	2	0	165	340	Branksome Hall	0	0	0	5	1	1	18	84	56	0.5091	0.3697	0.4255	Branksome Hall
94	096		23	43	3	28	8	105	141	120 Cornwall Street - Oak Street Co-operative	0	2	0	29	1	0	11	44	11	0.4490	0.4095	0.4253	120 Cornwall Street - Oak Street Co-operative
94	040		63	42	0	0	1	106	362	Church of the Redeemer	3	0	0	15	0	0	3	49	35	0.4667	0.3962	0.4244	Church of the Redeemer
94	452		85	52	0	1	0	138	235	66 Isabella Street - Town Square	0	1	0	34	5	0	15	68	15	0.4928	0.3768	0.4232	66 Isabella Street - Town Square
94	534		42	42	1	2	0	87	160	Muriel Collins Housing Co-operative	1	0	0	25	3	0	8	28	22	0.3218	0.4828	0.4184	Muriel Collins Housing Co-operative
94	005		139	114	0	2	1	256	427	Our Lady of Perpetual Help Church	0	0	0	19	1	0	30	94	111	0.3686	0.4453	0.4146	Our Lady of Perpetual Help Church
94	447B		150	74	1	6	1	232	452	44 Charles Street - Manulife Centre	1	1	0	29	6	0	5	129	61	0.5560	0.3190	0.4138	44 Charles Street - Manulife Centre
94	041s		14	8	0	0	5	27	94	Toronto Grace Hospital	0	0	0	2	2	0	3	15	4	0.5769	0.2963	0.4085	Toronto Grace Hospital
94	011		80	62	0	1	0	143	280	Rosedale United Church	0	0	0	19	0	0	24	52	46	0.3688	0.4336	0.4077	Rosedale United Church
94	101		36	50	1	0	0	87	269	Lord Dufferin Junior and Senior Public School	0	0	19	1	0	7	46	13	0	0.1512	0.5747	0.4053	Lord Dufferin Junior and Senior Public School
94	532		21	16	1	1	0	39	99	210 Victoria Street - Pantages Tower	0	0	1	6	1	0	6	15	9	0.3947	0.4103	0.4040	210 Victoria Street - Pantages Tower
94	486		38	26	0	6	3	73	299	220 Oak Street	1	0	0	19	7	0	1	34	10	0.4722	0.3562	0.4026	220 Oak Street
94	130B		122	64	0	0	0	186	567	St. Lawrence Market North	1	0	0	15	3	1	10	91	65	0.4892	0.3441	0.4022	St. Lawrence Market North
94	033-1		14	12	0	0	0	26	96	Jesse Ketchum Junior and Senior Public School	0	0	0	2	0	0	0	8	16	0.3077	0.4615	0.4000	Jesse Ketchum Junior and Senior Public School
94	020		84	50	0	0	1	135	290	877 Yonge Street - Fellowship Towers	0	0	1	11	1	0	13	60	49	0.4444	0.3704	0.4000	877 Yonge Street - Fellowship Towers
94	027A		64	43	0	0	0	107	344	Branksome Hall	0	0	0	13	0	0	23	42	28	0.3962	0.4019	0.3996	Branksome Hall
94	557		47	30	0	5	2	84	128	111 Avenue Road	0	0	1	10	2	1	6	37	23	0.4625	0.3571	0.3993	111 Avenue Road
94	025		100	58	0	3	0	161	300	Rosedale Junior Public School	0	2	0	8	1	0	16	71	63	0.4410	0.3602	0.3925	Rosedale Junior Public School
94	001		135	79	0	2	0	216	378	Our Lady of Perpetual Help Church	0	0	0	11	0	1	23	93	87	0.4326	0.3657	0.3925	Our Lady of Perpetual Help Church
94	019		79	55	3	5	2	144	331	Jesse Ketchum Junior and Senior Public School	0	0	0	19	2	1	12	57	49	0.4071	0.3819	0.3920	Jesse Ketchum Junior and Senior Public School
94	026		107	60	2	1	11	181	300	Rosedale Presbyterian	0	0	0	9	1	0	20	81	59	0.4765	0.3315	0.3895	Rosedale Presbyterian
94	034		55	35	1	1	0	92	248	Jesse Ketchum Junior and Senior Public School	0	0	0	9	1	0	10	37	35	0.4022	0.3804	0.3891	Jesse Ketchum Junior and Senior Public School
94	422		104	46	1	2	1	154	275	360 Bloor Street East - 360 on Bloor	1	0	0	11	0	0	14	78	49	0.5098	0.2987	0.3831	360 Bloor Street East - 360 on Bloor
94	024		87	54	0	0	0	141	326	877 Yonge Street - Fellowship Towers	0	0	0	15	0	0	25	51	43	0.3806	0.3830	0.3820	877 Yonge Street - Fellowship Towers
94	419		135	62	1	0	3	201	283	278 Bloor Street East - Rosedale Glen	0	0	1	13	4	0	10	97	75	0.4850	0.3085	0.3791	278 Bloor Street East - Rosedale Glen
94	402		72	43	0	8	0	123	203	20 Scrivener Square - Thornwood I	0	0	0	8	0	1	9	52	53	0.4228	0.3496	0.3789	20 Scrivener Square - Thornwood I
94	006		137	77	0	0	3	217	361	Our Lady of Perpetual Help School	0	2	0	7	3	0	29	89	86	0.4120	0.3548	0.3777	Our Lady of Perpetual Help School
94	447A		144	69	0	6	0	219	438	44 Charles Street - Manulife Centre	1	1	1	17	5	0	25	103	66	0.4703	0.3151	0.3772	44 Charles Street - Manulife Centre
94	035		72	31	0	2	2	107	278	Jesse Ketchum Junior and Senior Public School	1	0	1	8	1	0	6	54	36	0.5047	0.2897	0.3757	Jesse Ketchum Junior and Senior Public School
94	129		86	58	0	3	0	147	359	St. Lawrence Community Centre	3	0	3	31	2	0	24	51	33	0.3469	0.3946	0.3755	St. Lawrence Community Centre
94	002		145	72	0	0	0	217	379	Our Lady of Perpetual Help Church	0	0	0	13	1	0	17	94	90	0.4372	0.3318	0.3740	Our Lady of Perpetual Help Church
94	068s		36	9	0	10	0	55	255	Fudger House	2	2	0	4	3	1	1	36	4	0.6792	0.1636	0.3699	Fudger House
94	030		106	44	1	10	4	165	291	877 Yonge Street - Fellowship Towers	0	1	0	22	2	2	7	84	43	0.5217	0.2667	0.3687	877 Yonge Street - Fellowship Towers
94	416		43	29	0	10	0	82	143	18 Davenport Road - McMurrich Place	2	1	0	19	5	2	5	31	15	0.3875	0.3537	0.3672	18 Davenport Road - McMurrich Place
94	420		117	70	0	1	0	188	308	300 Bloor Street East - The Bellagio on Bloor	0	1	0	20	4	1	13	67	81	0.3583	0.3723	0.3667	300 Bloor Street East - The Bellagio on Bloor
94	039		36	17	0	1	1	55	141	Church of the Redeemer	0	0	0	6	0	0	6	24	19	0.4364	0.3091	0.3600	Church of the Redeemer
94	403		64	33	1	1	0	99	173	25 Scrivener Square - Thornwood II	0	0	0	4	1	0	4	39	51	0.3939	0.3333	0.3576	25 Scrivener Square - Thornwood II
94	441		36	21	0	0	0	57	117	131 Bloor Street West - The Colonnade	0	1	0	5	1	0	4	19	27	0.3333	0.3684	0.3544	131 Bloor Street West - The Colonnade
94	095		60	58	2	12	97	229	743	Sprucecourt Junior Public School	3	1	2	89	6	1	1	115	10	0.5044	0.2533	0.3537	Sprucecourt Junior Public School
94	089s		21	8	0	0	1	30	125	Rekai Centre	0	0	0	6	0	2	0	13	6	0.4815	0.2667	0.3526	Rekai Centre
94	440		71	30	2	0	1	104	197	110 Bloor Street West	0	0	0	4	0	0	3	45	51	0.4369	0.2885	0.3478	110 Bloor Street West
94	018		97	39	0	4	0	140	268	Rosedale Junior Public School	0	0	0	6	1	0	8	62	61	0.4493	0.2786	0.3469	Rosedale Junior Public School
94	008		155	69	0	2	0	226	367	Our Lady of Perpetual Help School	0	0	0	9	1	0	18	91	105	0.4063	0.3053	0.3457	Our Lady of Perpetual Help School
94	054s		38	17	0	2	5	62	135	Wellesley Central Place Rekai Centre	1	2	2	7	3	1	3	25	13	0.4386	0.2742	0.3400	Wellesley Central Place Rekai Centre
94	023		79	41	0	0	0	120	241	Rosedale Presbyterian	0	0	0	5	1	1	15	37	57	0.3190	0.3417	0.3326	Rosedale Presbyterian
94	007		124	59	0	0	2	185	371	Our Lady of Perpetual Help Church	0	0	0	11	1	0	10	64	99	0.3459	0.3189	0.3297	Our Lady of Perpetual Help Church
94	022		102	40	0	0	0	142	251	Rosedale Presbyterian	0	0	0	8	0	0	15	56	63	0.3944	0.2817	0.3268	Rosedale Presbyterian
94	404		47	20	0	1	0	68	140	Church of the Redeemer	0	0	0	4	0	0	5	25	34	0.3676	0.2941	0.3235	Church of the Redeemer
94	021		125	54	0	3	1	183	349	Rosedale Junior Public School	1	0	0	5	1	0	11	67	98	0.3661	0.2951	0.3235	Rosedale Junior Public School
94	408		56	39	0	0	0	95	158	980 Yonge Street - The Ramsden	0	0	0	0	7	2	0	13	48	0.1857	0.4105	0.3206	980 Yonge Street - The Ramsden
94	003		143	68	0	0	0	211	364	Our Lady of Perpetual Help School	1	1	0	6	1	0	25	66	111	0.3128	0.3223	0.3185	Our Lady of Perpetual Help School
94	516		35	23	2	17	0	77	160	310 Dundas Street East - William Dennison	4	1	0	14	14	2	4	24	6	0.3478	0.2987	0.3184	310 Dundas Street East - William Dennison
94	013		181	80	0	2	0	263	445	Rosedale United Church	0	1	0	11	0	1	26	88	135	0.3359	0.3042	0.3169	Rosedale United Church
94	016		150	66	0	5	0	221	362	Rosedale Junior Public School	0	1	0	8	0	1	17	74	120	0.3348	0.2986	0.3131	Rosedale Junior Public School
94	521		82	32	0	1	0	115	199	75 Dalhousie Street - The Boot	0	0	1	33	1	0	16	41	21	0.3628	0.2783	0.3121	75 Dalhousie Street - The Boot
94	017		151	53	0	1	1	206	409	Rosedale United Church	0	0	0	1	0	0	15	79	109	0.3873	0.2573	0.3093	Rosedale United Church
94	004		130	51	1	1	0	183	322	Rosedale United Church	0	0	0	4	2	1	26	64	85	0.3516	0.2787	0.3079	Rosedale United Church
94	010		182	63	1	1	0	247	404	Our Lady of Perpetual Help School	0	0	0	1	1	0	19	90	135	0.3659	0.2551	0.2994	Our Lady of Perpetual Help School
94	014		153	52	0	1	0	206	403	Rosedale United Church	0	1	0	2	1	0	14	72	115	0.3512	0.2524	0.2919	Rosedale United Church
94	443		72	18	0	0	2	92	136	1166 Bay Street	0	0	0	2	1	0	2	34	53	0.3696	0.1957	0.2652	1166 Bay Street
94	559		43	16	0	3	0	62	158	10 Bellair Street	0	0	0	1	0	0	1	13	47	0.2097	0.2581	0.2387	10 Bellair Street
94	439		57	20	0	1	0	78	136	175 Cumberland Street - Renaissance Place	0	2	0	6	0	0	3	0	42	0.0000	0.2564	0.1538	175 Cumberland Street - Renaissance Place
94	528		2	2	0	0	0	4	15	210 Victoria Street - Pantages Tower	0	0	0	0	0	0	0	4	0	1.0000	0.5000	0.0000	210 Victoria Street - Pantages Tower
94	112s		7	12	0	1	0	20	24	St. Jude's Community Home - 270 Milan Street	2	1	0	3	0	0	0	12	0	0.6667	0.6000	0.0000	St. Jude's Community Home - 270 Milan Street
94	103s		11	10	0	1	0	22	44	St. Jude's Community Home - 270 Milan Street	0	0	0	2	1	0	0	18	1	0.8182	0.4545	0.0000	St. Jude's Community Home - 270 Milan Street
94	513		4	13	0	3	0	20	93	John Innes Community Centre	0	0	2	6	0	0	0	9	2	0.4737	0.6500	0.0000	John Innes Community Centre
94	509		8	9	0	0	0	17	92	John Innes Community Centre	0	0	0	4	0	0	3	7	3	0.4118	0.5294	0.0000	John Innes Community Centre
94	514		11	8	0	2	0	21	124	John Innes Community Centre	1	0	1	1	3	0	1	8	6	0.3810	0.3810	0.0000	John Innes Community Centre
								143.7911392405															
								119.1182714276															
